Adapter Culture,arabic,bengali,chinese,english,german,greek,korean,portuguese,spanish,turkish
llamainst,29.150550862664748,28.935469555254755,30.691212674490835,58.11136047691353,39.14135765531537,32.92842354605059,47.91343990648039,32.01989176828939,37.613873773862544,38.586966194279036
