Adapter Culture,Test Culture,F1 Score
llamainst,arabic,0.2915055086266475
llamainst,bengali,0.28935469555254756
llamainst,chinese,0.30691212674490836
llamainst,english,0.5811136047691353
llamainst,german,0.3914135765531537
llamainst,greek,0.3292842354605059
llamainst,korean,0.47913439906480393
llamainst,portuguese,0.32019891768289394
llamainst,spanish,0.37613873773862544
llamainst,turkish,0.3858696619427904
