Adapter Culture,arabic,"arabic,bengali,chinese,english,german,greek,korean,portuguese,spanish,turkish",bengali,chinese,english,german,greek,korean,portuguese,spanish,turkish
llama,49.85526521272698,48.738200100553044,51.22576824142215,50.8368418649519,51.578483707254286,49.604369466747954,51.33507934926105,47.43866197143317,49.620176878488905,51.74059690215118,51.03964841080162
