Culture,NormalizedDiagonal
greek,1.0
turkish,1.0
chinese,0.9600385214034762
german,0.9478426964564346
english,0.8647624087722826
spanish,0.8497535503945874
korean,0.8062648867050245
arabic,0.6878476571623668
bengali,0.5911665859521971
portuguese,0.5733197943404663
