Adapter Culture,arabic,"arabic,bengali,chinese,english,german,greek,korean,portuguese,spanish,turkish",bengali,chinese,english,german,greek,korean,portuguese,spanish,turkish
qwen,68.4881348860993,67.3680908973592,68.38270296692156,68.62536918312728,67.97959604053945,67.31027534059447,68.50348095241058,68.24082092124651,68.57904074539024,69.03178118011586,68.03326236492495
