Adapter Culture,Test Culture,F1 Score
qwen,arabic,0.6659259753181904
qwen,bengali,0.6829624543904406
qwen,chinese,0.6775387135833352
qwen,english,0.6774249315591894
qwen,german,0.6738154671745574
qwen,greek,0.6724233363849828
qwen,korean,0.6823892294824804
qwen,portuguese,0.676886557897558
qwen,spanish,0.6642598595635191
qwen,turkish,0.6777555878457626
