Adapter Culture,arabic,bengali,chinese,english,german,greek,korean,portuguese,spanish,turkish
qwen,66.59259753181904,68.29624543904406,67.75387135833351,67.74249315591894,67.38154671745575,67.24233363849828,68.23892294824803,67.6886557897558,66.42598595635191,67.77555878457626
