Adapter Culture,arabic,"arabic,bengali,chinese,english,german,greek,korean,portuguese,spanish,turkish",bengali,chinese,english,german,greek,korean,portuguese,spanish,turkish
llama,52.406827506312126,49.714005615104774,51.15180538895986,51.77316568974114,48.807121419624735,50.09211880827779,52.515276341320686,52.66273606669103,51.86449868389714,53.31228774451539,50.798623504970706
