Adapter Culture,arabic,"arabic,bengali,chinese,english,german,greek,korean,portuguese,spanish,turkish",bengali,chinese,english,german,greek,korean,portuguese,spanish,turkish
llama,51.29086350507621,49.06042896633357,48.475945251905706,51.41651719834063,51.95181072208429,44.267450275997554,49.358684641605876,46.667960103357345,50.87373705713533,50.16366829879064,45.69135460576963
