Culture,NormalizedDiagonal
arabic,0.9433517629034482
german,0.9138858595555888
bengali,0.9012148755184896
spanish,0.9008861305695618
greek,0.8919491669580728
english,0.8910864541530693
chinese,0.8825827870873957
korean,0.8821752298127435
portuguese,0.8677483382342321
turkish,0.8346932128354884
