Adapter Culture,arabic,"arabic,bengali,chinese,english,german,greek,korean,portuguese,spanish,turkish",bengali,chinese,english,german,greek,korean,portuguese,spanish,turkish
llamainst,32.24135991904385,54.54638411653847,48.67008346706959,38.21021359380335,23.003333375749357,33.54536932025381,30.752081504774452,27.586659870936035,46.40716164727882,35.52595006750225,19.73949266761707
