Culture,NormalizedDiagonal
chinese,1.0
greek,0.9859824043091053
spanish,0.9611469515884016
bengali,0.9143185887982973
korean,0.9003190000702548
english,0.8287500518738048
turkish,0.7724400841705514
portuguese,0.7505478513094328
german,0.6281197228508844
arabic,0.3602196994091501
