Culture,NormalizedDiagonal
bengali,1.0
chinese,1.0
turkish,0.9852892537381278
german,0.9601402296013787
english,0.9364093351600573
spanish,0.927982656831135
korean,0.8790037377971374
greek,0.8031274238443462
arabic,0.7825705996788482
portuguese,0.6916166874617872
