Culture,NormalizedDiagonal
bengali,1.0
portuguese,1.0
german,0.806600349973823
english,0.8014742634233997
spanish,0.7788309582761911
greek,0.7489344087033649
korean,0.7302762068982092
turkish,0.7059345870294678
chinese,0.677275548335523
arabic,0.33682333237361656
