Culture,NormalizedDiagonal
chinese,1.0
greek,0.9183726836106368
spanish,0.9175804828160952
korean,0.8755206342103042
english,0.8416975458810922
turkish,0.8278998604659001
german,0.7811134065707437
portuguese,0.726488821379202
bengali,0.6195572125250933
arabic,0.4623292942573724
