Culture,NormalizedDiagonal
korean,1.0
portuguese,1.0
bengali,0.9290550239966426
turkish,0.8389269289618159
greek,0.8317181342576259
chinese,0.6946501446993292
german,0.6892561079138101
spanish,0.5377727973153836
english,0.5020892518877095
arabic,0.2755368984389685
