Culture,NormalizedDiagonal
bengali,1.0
chinese,1.0
spanish,1.0
turkish,1.0
greek,0.9787072382018479
german,0.9491146387413361
portuguese,0.8901200284754645
korean,0.820619040901297
english,0.7935125034874054
arabic,0.7927365759222109
