Culture,NormalizedDiagonal
turkish,1.0
greek,0.9884028324025789
bengali,0.9622032114687405
korean,0.9520805815361413
english,0.8927117351563414
arabic,0.6101669881416416
spanish,0.5681561449258453
chinese,0.5597062982083995
german,0.5554647357167015
portuguese,0.3869677606991876
