Adapter Culture,arabic,"arabic,bengali,chinese,english,german,greek,korean,portuguese,spanish,turkish",bengali,chinese,english,german,greek,korean,portuguese,spanish,turkish
llamainst,51.886677103340205,55.98627972719286,49.66896267240589,56.6835338788118,55.99412684037615,55.12691454410677,38.15011166810751,51.57317612030331,48.58870409887801,57.684470443579606,48.860269077905315
