Culture,NormalizedDiagonal
spanish,1.0
portuguese,0.9924982545049363
turkish,0.9844114246269737
bengali,0.9417513915417873
german,0.9296888136480514
greek,0.9090764644880993
english,0.8179784708721091
arabic,0.7960835589430431
chinese,0.7493066372551426
korean,0.7384221805189701
