Culture,NormalizedDiagonal
bengali,0.9446070048808588
turkish,0.9317244272720139
korean,0.8868428380183313
spanish,0.8430379395136022
chinese,0.8159076921914913
german,0.6813921477746556
english,0.6652705389456076
greek,0.6604562584038353
portuguese,0.6126389090826571
arabic,0.32510679624074446
