Culture,NormalizedDiagonal
english,0.9649242935889604
chinese,0.8734963458658755
korean,0.7549718114945813
german,0.7457603037956745
spanish,0.6428289845156996
arabic,0.6280535486606325
portuguese,0.6149189876344022
greek,0.5789291899031124
bengali,0.5729976487898897
turkish,0.5217928418434649
