Culture,NormalizedDiagonal
korean,1.0
chinese,0.903059951470726
german,0.9028247450209332
english,0.8868235350091233
greek,0.8317819070670796
portuguese,0.8134914499110383
turkish,0.7463645656144113
bengali,0.6739324548408416
spanish,0.64842825982557
arabic,0.4093550982218871
