Adapter Culture,arabic,bengali,chinese,english,german,greek,korean,portuguese,spanish,turkish
qwen,69.05781260615102,66.65074381487258,68.51230715059093,69.7045222955915,68.44282347307214,69.07257379378126,68.03650563191788,69.2056250504967,68.46152030581105,70.04434131295459
