Adapter Culture,Test Culture,F1 Score
qwen,arabic,0.6905781260615101
qwen,bengali,0.6665074381487258
qwen,chinese,0.6851230715059093
qwen,english,0.697045222955915
qwen,german,0.6844282347307215
qwen,greek,0.6907257379378126
qwen,korean,0.6803650563191788
qwen,portuguese,0.6920562505049671
qwen,spanish,0.6846152030581105
qwen,turkish,0.7004434131295458
