Culture,NormalizedDiagonal
chinese,1.0
greek,0.9859824043091053
spanish,0.9611469515884016
korean,0.9542349490334741
bengali,0.9143185887982973
english,0.8287500518738048
turkish,0.7766117550932424
portuguese,0.7505478513094328
german,0.6281197228508844
arabic,0.4516477894270921
